2L	58219
2L	914298
2L	914299
2L	914326
2L	914332
2L	1501084
2L	1520752
2L	1520781
2L	1520793
2L	1520795
2L	1520796
2L	1520797
2L	1613000
2L	1613014
2L	1708050
2L	1711909
2L	1711920
2L	1732103
2L	1840534
2L	1840558
2L	1840560
2L	1840571
2L	1840585
2L	1937046
2L	1992073
2L	2225369
2L	2360597
2L	2360601
2L	2360614
2L	2360623
2L	2406893
2L	2419719
2L	2419724
2L	2462634
2L	2462646
2L	2462650
2L	2563090
2L	2565301
2L	2565303
2L	2571784
2L	2756213
2L	2770206
2L	2770235
2L	2841509
2L	2848478
2L	2848480
2L	3029036
2L	3029049
2L	3172653
2L	3172658
2L	3172687
2L	3373946
2L	3377810
2L	3377813
2L	3377814
2L	3377815
2L	3377819
2L	3377820
2L	3377821
2L	3377822
2L	3377824
2L	3377825
2L	3377828
2L	3377830
2L	3377831
2L	3377835
2L	3377836
2L	3377838
2L	3500405
2L	3500407
2L	3500408
2L	3500410
2L	3678313
2L	3701928
2L	3701929
2L	3701930
2L	3701931
2L	3701932
2L	3701933
2L	3701937
2L	3758943
2L	3760188
2L	3889791
2L	4187562
2L	4195728
2L	4195731
2L	4197206
2L	4197245
2L	4197248
2L	4201834
2L	4201835
2L	4441945
2L	4763647
2L	4958584
2L	4958598
2L	4958602
2L	4958603
2L	4958605
2L	4958619
2L	4981401
2L	5074359
2L	5074361
2L	5074365
2L	5209001
2L	5218873
2L	5218923
2L	5264688
2L	5269007
2L	5269014
2L	5269016
2L	5288399
2L	5436739
2L	5436754
2L	5549099
2L	5557554
2L	5557555
2L	5563200
2L	5808472
2L	5885217
2L	5885223
2L	5885225
2L	5885250
2L	5885251
2L	5885256
2L	5885257
2L	5920657
2L	6097278
2L	6131253
2L	6357427
2L	6357428
2L	6445251
2L	6445252
2L	6445260
2L	6445263
2L	6445270
2L	6445273
2L	6445280
2L	6445596
2L	6445598
2L	6445601
2L	6445602
2L	6445606
2L	6445612
2L	6525873
2L	6525880
2L	6617255
2L	6625518
2L	6625559
2L	6625561
2L	6625566
2L	6682087
2L	6682097
2L	6682102
2L	6688748
2L	6688749
2L	6719111
2L	6805216
2L	6855843
2L	6903664
2L	6903673
2L	6958297
2L	6958313
2L	6958314
2L	6958315
2L	7028669
2L	7028679
2L	7028692
2L	7032856
2L	7032860
2L	7060807
2L	7064203
2L	7064207
2L	7064208
2L	7065457
2L	7068654
2L	7068659
2L	7100250
2L	7195644
2L	7196698
2L	7196748
2L	7232687
2L	7232689
2L	7257663
2L	7257669
2L	7257670
2L	7382118
2L	7392260
2L	7392261
2L	7405445
2L	7421628
2L	7444268
2L	7476728
2L	7476731
2L	7708670
2L	7708671
2L	8027959
2L	8041200
2L	8041202
2L	8041209
2L	8041249
2L	8054634
2L	8054644
2L	8121934
2L	8121935
2L	8121937
2L	8121940
2L	8143966
2L	8143972
2L	8147685
2L	8162270
2L	8162273
2L	8186307
2L	8186891
2L	8186894
2L	8186895
2L	8186904
2L	8186906
2L	8186908
2L	8186909
2L	8186912
2L	8186913
2L	8186917
2L	8195603
2L	8196773
2L	8203286
2L	8203291
2L	8203294
2L	8203304
2L	8211548
2L	8220006
2L	8220011
2L	8220014
2L	8220037
2L	8220042
2L	8261912
2L	8261914
2L	8262076
2L	8262083
2L	8262105
2L	8262224
2L	8262247
2L	8262255
2L	8306842
2L	8316145
2L	8316187
2L	8355992
2L	8356001
2L	8356013
2L	8356016
2L	8377183
2L	8377192
2L	8377550
2L	8377551
2L	8377552
2L	8377553
2L	8377555
2L	8490224
2L	8689065
2L	8689077
2L	8703946
2L	8713075
2L	8713077
2L	8947397
2L	8995543
2L	8996684
2L	8996686
2L	9010990
2L	9011002
2L	9011003
2L	9011005
2L	9011006
2L	9011008
2L	9011009
2L	9012372
2L	9256815
2L	9256818
2L	9256826
2L	9256831
2L	9256842
2L	9256849
2L	9304804
2L	9304820
2L	9328740
2L	9328741
2L	9338570
2L	9338573
2L	9338578
2L	9349672
2L	9550471
2L	9710737
2L	9771433
2L	9771437
2L	9771470
2L	9771472
2L	9771481
2L	9798163
2L	9904769
2L	9910448
2L	9910798
2L	9910800
2L	10006427
2L	10006431
2L	10006432
2L	10006443
2L	10063690
2L	10063691
2L	10063695
2L	10194127
2L	10208405
2L	10211308
2L	10211335
2L	10216840
2L	10218004
2L	10218217
2L	10253615
2L	10255018
2L	10255021
2L	10255029
2L	10255057
2L	10258682
2L	10258690
2L	10258691
2L	10258700
2L	10270253
2L	10275091
2L	10280359
2L	10296571
2L	10307160
2L	10314271
2L	10328744
2L	10329939
2L	10331686
2L	10331693
2L	10331695
2L	10331728
2L	10331738
2L	10336908
2L	10355913
2L	10355914
2L	10355915
2L	10355944
2L	10362449
2L	10363148
2L	10363150
2L	10363151
2L	10363153
2L	10363157
2L	10363170
2L	10363171
2L	10363181
2L	10363189
2L	10383837
2L	10386827
2L	10386835
2L	10386852
2L	10404817
2L	10404819
2L	10404825
2L	10408005
2L	10408011
2L	10416892
2L	10419345
2L	10419355
2L	10420227
2L	10420397
2L	10427021
2L	10427022
2L	10427035
2L	10427046
2L	10449533
2L	10450435
2L	10450670
2L	10450980
2L	10450989
2L	10451000
2L	10481587
2L	10581376
2L	10581398
2L	10619992
2L	10619994
2L	10620005
2L	10620006
2L	10620012
2L	10620041
2L	10727760
2L	10862789
2L	10906781
2L	10970903
2L	10985508
2L	10985512
2L	10985520
2L	10985525
2L	11002244
2L	11009595
2L	11083948
2L	11123981
2L	11126204
2L	11126210
2L	11126328
2L	11126343
2L	11126347
2L	11126370
2L	11126380
2L	11141301
2L	11142927
2L	11142929
2L	11343068
2L	11486234
2L	11486235
2L	11486236
2L	11498746
2L	11498749
2L	11498756
2L	11498763
2L	11498773
2L	11498775
2L	11498778
2L	11498784
2L	11498790
2L	11498793
2L	11498797
2L	11516711
2L	11519143
2L	11519271
2L	11519280
2L	11519281
2L	11519284
2L	11519285
2L	11536473
2L	11586619
2L	11736813
2L	11736832
2L	11851569
2L	11851571
2L	11851605
2L	11851611
2L	11853531
2L	11853537
2L	11853539
2L	12056439
2L	12161851
2L	12161856
2L	12161866
2L	12161870
2L	12439503
2L	12439504
2L	12611402
2L	12927642
2L	12927643
2L	12928959
2L	12928961
2L	12928964
2L	13001545
2L	13001546
2L	13106988
2L	13209848
2L	13209904
2L	13351614
2L	13351633
2L	13351639
2L	13351654
2L	13351656
2L	13351664
2L	13351666
2L	13642924
2L	13906509
2L	13931133
2L	13961008
2L	13961029
2L	13961030
2L	13961032
2L	13961034
2L	13964484
2L	13986251
2L	13986257
2L	13986259
2L	13986260
2L	13986264
2L	13986361
2L	13989755
2L	13989772
2L	14110578
2L	14110586
2L	14110613
2L	14197342
2L	14197349
2L	14332920
2L	14332924
2L	14332930
2L	14332944
2L	14333380
2L	14364614
2L	14364616
2L	14364617
2L	14364618
2L	14743375
2L	14782524
2L	14782527
2L	14782533
2L	14796129
2L	14802976
2L	14803013
2L	14803014
2L	14803015
2L	14841771
2L	14871776
2L	14871791
2L	14875441
2L	14875445
2L	14875446
2L	14875482
2L	14875484
2L	14875486
2L	14875500
2L	14875503
2L	14875721
2L	14875722
2L	14875734
2L	14882272
2L	14882275
2L	14882278
2L	15007179
2L	15007199
2L	15029744
2L	15042274
2L	15045654
2L	15045671
2L	15045678
2L	15045680
2L	15045867
2L	15051784
2L	15058686
2L	15058688
2L	15058693
2L	15201788
2L	15201999
2L	15202000
2L	15293175
2L	15770592
2L	15772413
2L	15906811
2L	15906821
2L	15906842
2L	15958021
2L	16002180
2L	16002182
2L	16002191
2L	16044398
2L	16045012
2L	16045013
2L	16045029
2L	16045045
2L	16045048
2L	16045976
2L	16079943
2L	16079951
2L	16135117
2L	16135118
2L	16135119
2L	16135128
2L	16135131
2L	16135137
2L	16135142
2L	16135147
2L	16135150
2L	16173290
2L	16173295
2L	16173297
2L	16173308
2L	16176253
2L	16176528
2L	16176536
2L	16176544
2L	16176545
2L	16176546
2L	16176563
2L	16176566
2L	16176567
2L	16176571
2L	16176573
2L	16176574
2L	16176576
2L	16176582
2L	16176840
2L	16176841
2L	16176843
2L	16189196
2L	16303766
2L	16314715
2L	16731935
2L	16785875
2L	16785877
2L	16785886
2L	16785902
2L	16945218
2L	17012652
2L	17170133
2L	17176918
2L	17179056
2L	17179076
2L	17179871
2L	17179875
2L	17372848
2L	17372849
2L	17372851
2L	17372855
2L	17372857
2L	17372858
2L	17372860
2L	17372862
2L	17372866
2L	17372870
2L	17372874
2L	17410038
2L	17410214
2L	17410229
2L	17486669
2L	17531700
2L	17705206
2L	17981628
2L	18064825
2L	18064830
2L	18064848
2L	18085987
2L	18127924
2L	18127931
2L	18127932
2L	18128086
2L	18128122
2L	18159080
2L	18257806
2L	18484350
2L	18512437
2L	18673652
2L	18673653
2L	18859116
2L	18938743
2L	18949193
2L	18998080
2L	19034162
2L	19034163
2L	19044129
2L	19044130
2L	19124705
2L	19124707
2L	19124711
2L	19124717
2L	19124722
2L	19298979
2L	19301391
2L	19301401
2L	19457465
2L	19911661
2L	19913435
2L	19913437
2L	19913446
2L	19923263
2L	19923265
2L	19961621
2L	19961623
2L	19961625
2L	20062705
2L	20297201
2L	20424463
2L	20424469
2L	20451286
2L	20451297
2L	20451309
2L	20531340
2L	20531350
2L	20531370
2L	20531372
2L	20862991
2L	20875098
2L	20901299
2L	20901315
2L	20901317
2L	20901333
2L	21059855
2L	21059888
2L	21085599
2L	21085631
2L	21356685
2L	21628641
2L	21867531
2L	22042379
2L	22043529
2L	22072560
2L	22105053
2L	22105064
2L	22247726
2L	22365370
2R	5662560
2R	5662585
2R	5662596
2R	5704400
2R	5704406
2R	5717516
2R	6021915
2R	6043052
2R	6043076
2R	6189277
2R	6210492
2R	6210494
2R	6633981
2R	6833709
2R	6833717
2R	6833736
2R	7392353
2R	7400867
2R	7569253
2R	7666460
2R	7783394
2R	7783436
2R	7783445
2R	7961842
2R	7972453
2R	8102546
2R	8939637
2R	8939660
2R	8939676
2R	8939679
2R	9087596
2R	9087608
2R	9147309
2R	9151187
2R	9242998
2R	9243000
2R	9244142
2R	9244163
2R	9244165
2R	9262118
2R	9262119
2R	9262128
2R	9391108
2R	9391449
2R	9391454
2R	9391457
2R	9399908
2R	9399937
2R	9399938
2R	9424270
2R	9477144
2R	9477148
2R	9477152
2R	9477157
2R	9477162
2R	9477164
2R	9597533
2R	9597547
2R	9597563
2R	9606207
2R	9607491
2R	9607493
2R	9607503
2R	9607643
2R	9706609
2R	9788646
2R	9959397
2R	9969864
2R	9998355
2R	10043388
2R	10083347
2R	10104217
2R	10104219
2R	10104237
2R	10104244
2R	10120369
2R	10120382
2R	10120389
2R	10120403
2R	10135450
2R	10143360
2R	10143363
2R	10143725
2R	10143929
2R	10148059
2R	10148061
2R	10269375
2R	10295865
2R	10325256
2R	10351766
2R	10351778
2R	10418900
2R	10418903
2R	10418906
2R	10418925
2R	10418931
2R	10418935
2R	10418936
2R	10418937
2R	10418939
2R	10418940
2R	10450917
2R	10450920
2R	10450948
2R	10450949
2R	10450964
2R	10461055
2R	10461057
2R	10461062
2R	10461065
2R	10461068
2R	10461071
2R	10461077
2R	10461080
2R	10478366
2R	10562002
2R	10792615
2R	10823889
2R	10880281
2R	10880286
2R	10880291
2R	10880292
2R	10880295
2R	10880296
2R	10880308
2R	10880309
2R	10880317
2R	10905226
2R	10905228
2R	10905229
2R	10909979
2R	11302828
2R	11381910
2R	11381911
2R	11406395
2R	11406759
2R	11408815
2R	11408830
2R	11408832
2R	11408834
2R	11414681
2R	11587613
2R	11587623
2R	11587630
2R	11587631
2R	11623932
2R	11623935
2R	11623937
2R	11690759
2R	11690768
2R	12032528
2R	12032865
2R	12032868
2R	12032872
2R	12032874
2R	12036425
2R	12038614
2R	12065072
2R	12065073
2R	12065964
2R	12065978
2R	12209451
2R	12241340
2R	12241358
2R	12241371
2R	12241372
2R	12241373
2R	12264699
2R	12264711
2R	12264731
2R	12264734
2R	12299078
2R	12299084
2R	12299089
2R	12299091
2R	12320872
2R	12335418
2R	12363399
2R	12363400
2R	12363416
2R	12363428
2R	12406161
2R	12410139
2R	12426404
2R	12426406
2R	12426410
2R	12426411
2R	12426415
2R	12426419
2R	12426422
2R	12426426
2R	12426430
2R	12426438
2R	12426451
2R	12426452
2R	12466032
2R	12508393
2R	12508674
2R	12508705
2R	12508837
2R	12512449
2R	12512463
2R	12512476
2R	12512676
2R	12512677
2R	12562843
2R	12569664
2R	12607321
2R	12616739
2R	12618158
2R	12631608
2R	12632749
2R	12632751
2R	12632758
2R	12633800
2R	12657410
2R	12657428
2R	12659068
2R	12659073
2R	12659075
2R	12659077
2R	12659080
2R	12659083
2R	12659085
2R	12659117
2R	12785349
2R	12785352
2R	12785353
2R	12870354
2R	12870363
2R	12870368
2R	12870392
2R	12931596
2R	12936299
2R	13198196
2R	13205419
2R	13205452
2R	13205456
2R	13207033
2R	13207362
2R	13207366
2R	13207369
2R	13207375
2R	13210709
2R	13210736
2R	13210740
2R	13260476
2R	13409768
2R	13409769
2R	13409773
2R	13409776
2R	13409780
2R	13409781
2R	13409783
2R	13409787
2R	13409798
2R	13409803
2R	13409804
2R	13414491
2R	13414495
2R	13414496
2R	13414500
2R	13414501
2R	13414503
2R	13414507
2R	13414508
2R	13414510
2R	13414525
2R	13414530
2R	13414531
2R	13485176
2R	13497540
2R	13497740
2R	13539370
2R	13539373
2R	13605011
2R	13784222
2R	13816354
2R	13816362
2R	13816515
2R	13840337
2R	13843981
2R	13870277
2R	13870278
2R	13870297
2R	13870306
2R	13870307
2R	13870310
2R	13870313
2R	13870314
2R	13870321
2R	13870323
2R	13943165
2R	14234213
2R	14367161
2R	14369528
2R	14369530
2R	14514226
2R	14514266
2R	14514267
2R	14583633
2R	14583636
2R	14605110
2R	14606224
2R	14606238
2R	14606242
2R	14645581
2R	14749522
2R	14749529
2R	14749552
2R	14749559
2R	14749564
2R	14749566
2R	14749570
2R	14757601
2R	14885742
2R	14885746
2R	14885748
2R	14885752
2R	14936083
2R	14938892
2R	14961546
2R	14989664
2R	14989665
2R	15056189
2R	15092129
2R	15092133
2R	15193023
2R	15193026
2R	15194379
2R	15218689
2R	15218691
2R	15218706
2R	15218707
2R	15222999
2R	15223001
2R	15223347
2R	15231632
2R	15317386
2R	15370210
2R	15370247
2R	15423640
2R	15521957
2R	15521959
2R	15521962
2R	15537477
2R	15537481
2R	15537518
2R	15665394
2R	15665399
2R	15680895
2R	15694472
2R	15696021
2R	15696044
2R	15783260
2R	15820830
2R	15820836
2R	15820840
2R	15820855
2R	15820857
2R	15820881
2R	15874482
2R	15874486
2R	15874488
2R	15882734
2R	15966561
2R	15966572
2R	16088848
2R	16124305
2R	16124308
2R	16124311
2R	16143418
2R	16143425
2R	16143436
2R	16143443
2R	16143445
2R	16143475
2R	16170736
2R	16170740
2R	16170742
2R	16170751
2R	16172020
2R	16172025
2R	16172029
2R	16173266
2R	16173299
2R	16173301
2R	16185755
2R	16185765
2R	16185768
2R	16185774
2R	16185775
2R	16185778
2R	16185783
2R	16185793
2R	16185801
2R	16192236
2R	16224728
2R	16241520
2R	16241523
2R	16241525
2R	16241526
2R	16241534
2R	16241535
2R	16244099
2R	16244102
2R	16244114
2R	16244115
2R	16244117
2R	16284678
2R	16284679
2R	16284683
2R	16292736
2R	16292757
2R	16292758
2R	16292760
2R	16292764
2R	16292939
2R	16292941
2R	16292942
2R	16293948
2R	16293963
2R	16293967
2R	16293993
2R	16293998
2R	16354650
2R	16488416
2R	16491444
2R	16554929
2R	16555801
2R	16555804
2R	16556313
2R	16556323
2R	16556339
2R	16560989
2R	16560991
2R	16568105
2R	16645256
2R	16645259
2R	16645260
2R	16645265
2R	16645308
2R	16645311
2R	16656017
2R	16656021
2R	16656022
2R	16656023
2R	16656580
2R	16670604
2R	16670608
2R	16670609
2R	16670613
2R	16670619
2R	16671326
2R	16671357
2R	16671361
2R	16671366
2R	16692943
2R	16699165
2R	16737490
2R	16746142
2R	16749369
2R	16757716
2R	16757727
2R	16757734
2R	16757742
2R	16757744
2R	16761811
2R	16762709
2R	16762713
2R	16762717
2R	16762736
2R	16762739
2R	16762740
2R	16762741
2R	16762742
2R	16762744
2R	16763177
2R	16767621
2R	16793697
2R	16793899
2R	16793901
2R	16793907
2R	16825694
2R	16825705
2R	16825723
2R	16825730
2R	16825732
2R	16859309
2R	16871446
2R	16899122
2R	16899805
2R	16899829
2R	16901034
2R	16931158
2R	16941917
2R	16941921
2R	16941924
2R	16941928
2R	16941930
2R	16941934
2R	16941940
2R	16942657
2R	16942670
2R	16950510
2R	16955627
2R	16955698
2R	16955706
2R	16955714
2R	16958223
2R	16958234
2R	16958235
2R	16958237
2R	16958238
2R	16958243
2R	16958248
2R	17002177
2R	17002411
2R	17050187
2R	17056342
2R	17088956
2R	17089665
2R	17106600
2R	17106602
2R	17113415
2R	17113417
2R	17113422
2R	17113429
2R	17113432
2R	17113433
2R	17113465
2R	17113576
2R	17113579
2R	17113590
2R	17113591
2R	17113593
2R	17113613
2R	17113618
2R	17137467
2R	17137469
2R	17166405
2R	17166422
2R	17254515
2R	17307128
2R	17387573
2R	17445427
2R	17445446
2R	17445488
2R	17445694
2R	17445707
2R	17445710
2R	17446242
2R	17446259
2R	17446283
2R	17446284
2R	17446475
2R	17446477
2R	17446480
2R	17446497
2R	17446513
2R	17446521
2R	17446689
2R	17446702
2R	17446703
2R	17446704
2R	17446719
2R	17450272
2R	17450289
2R	17450313
2R	17471831
2R	17471842
2R	17483686
2R	17518441
2R	17518702
2R	17518706
2R	17564667
2R	17565327
2R	17565328
2R	17565334
2R	17565341
2R	17565371
2R	17573883
2R	17593942
2R	17674535
2R	17674546
2R	17674549
2R	17674550
2R	17674552
2R	17674553
2R	17674560
2R	17674769
2R	17674772
2R	17674780
2R	17674781
2R	17674787
2R	17674789
2R	17674791
2R	17684907
2R	17684908
2R	17684912
2R	17684914
2R	17684919
2R	17684942
2R	17685913
2R	17691643
2R	17691648
2R	17691652
2R	17691661
2R	17725650
2R	17725680
2R	17797150
2R	17797659
2R	17868422
2R	17977569
2R	17977571
2R	18097016
2R	18102202
2R	18102203
2R	18181686
2R	18181691
2R	18183871
2R	18295023
2R	18295028
2R	18295030
2R	18295033
2R	18296233
2R	18296254
2R	18296261
2R	18297377
2R	18299464
2R	18299657
2R	18377665
2R	18381670
2R	18385474
2R	18390050
2R	18390062
2R	18390063
2R	18426888
2R	18450852
2R	18476431
2R	18476480
2R	18546196
2R	18620810
2R	18630574
2R	18630594
2R	18630598
2R	18630599
2R	18630603
2R	18630605
2R	18660608
2R	18665602
2R	18665603
2R	18665617
2R	18700010
2R	18700011
2R	18700013
2R	18700014
2R	18706231
2R	18706241
2R	18710670
2R	18728032
2R	18728078
2R	18744642
2R	18755731
2R	18755749
2R	18755751
2R	18755755
2R	18755904
2R	18755907
2R	18755909
2R	18755916
2R	18757410
2R	18757415
2R	18757418
2R	18757423
2R	18757430
2R	18757431
2R	18772532
2R	18772534
2R	18772536
2R	18773107
2R	18773383
2R	18773384
2R	18773386
2R	18773391
2R	18773393
2R	18821667
2R	19108998
2R	19136679
2R	19137071
2R	19137079
2R	19176359
2R	19176360
2R	19176363
2R	19176411
2R	19225019
2R	19225021
2R	19225024
2R	19225030
2R	19225031
2R	19225033
2R	19225039
2R	19225044
2R	19225045
2R	19225050
2R	19225052
2R	19225532
2R	19225549
2R	19225550
2R	19225553
2R	19225810
2R	19225814
2R	19225815
2R	19226001
2R	19226008
2R	19226010
2R	19309594
2R	19309597
2R	19309599
2R	19309609
2R	19309622
2R	19309632
2R	19309638
2R	19309640
2R	19309644
2R	19309652
2R	19361353
2R	19361360
2R	19361505
2R	19361506
2R	19361519
2R	19361669
2R	19369585
2R	19369743
2R	19369751
2R	19375564
2R	19379257
2R	19383956
2R	19383957
2R	19383969
2R	19384676
2R	19426841
2R	19430203
2R	19431566
2R	19431759
2R	19431761
2R	19431766
2R	19431772
2R	19431780
2R	19434145
2R	19434147
2R	19434150
2R	19434329
2R	19434723
2R	19434738
2R	19434741
2R	19434742
2R	19434747
2R	19438553
2R	19439839
2R	19439861
2R	19439871
2R	19439877
2R	19473599
2R	19637634
2R	19637638
2R	19637657
2R	19637660
2R	19783949
2R	19868223
2R	19868913
2R	20221709
2R	20232354
2R	20232374
2R	20232379
2R	20232385
2R	20232386
2R	20232391
2R	20233529
2R	20256628
2R	20256681
2R	20285620
2R	20306382
2R	20308542
2R	20308543
2R	20308546
2R	20308547
2R	20308550
2R	20308551
2R	20308552
2R	20342494
2R	20342497
2R	20342498
2R	20342500
2R	20342505
2R	20539714
2R	20539730
2R	20540300
2R	20551853
2R	20551881
2R	20551885
2R	20561283
2R	20561286
2R	20561288
2R	20561290
2R	20607888
2R	20670949
2R	20773797
2R	20869172
2R	20870516
2R	20870524
2R	20870544
2R	20870547
2R	20870549
2R	20880108
2R	20880129
2R	20994289
2R	21012107
2R	21012117
2R	21012127
2R	21012137
2R	21012146
2R	21012158
2R	21012297
2R	21013858
2R	21013866
2R	21013871
2R	21013874
2R	21013875
2R	21013910
2R	21024137
2R	21024142
2R	21024145
2R	21024149
2R	21024154
2R	21061017
2R	21061057
2R	21066395
2R	21066403
2R	21066404
2R	21066406
2R	21066972
2R	21142790
2R	21143049
2R	21143056
2R	21143058
2R	21143073
2R	21143078
2R	21143079
2R	21143080
2R	21143083
2R	21143086
2R	21143087
2R	21166842
2R	21166855
2R	21166864
2R	21166866
2R	21166869
2R	21284631
2R	21284632
2R	21291916
2R	21293314
2R	21630865
2R	21663382
2R	21663389
2R	21686634
2R	21686645
2R	21691023
2R	21691051
2R	21691064
2R	21692229
2R	21766243
2R	21766256
2R	21766259
2R	21766260
2R	21766263
2R	21766278
2R	21766282
2R	21835860
2R	21835864
2R	21835865
2R	21835872
2R	21835873
2R	21836051
2R	21836053
2R	21970511
2R	21970522
2R	21980896
2R	21980908
2R	21980912
2R	22060083
2R	22060085
2R	22060094
2R	22072900
2R	22072905
2R	22072921
2R	22072922
2R	22072923
2R	22072925
2R	22074875
2R	22074923
2R	22074926
2R	22082642
2R	22130590
2R	22130592
2R	22130595
2R	22130628
2R	22130639
2R	22140203
2R	22188814
2R	22188844
2R	22188850
2R	22188852
2R	22188854
2R	22189057
2R	22212200
2R	22218013
2R	22218014
2R	22218016
2R	22218704
2R	22226567
2R	22226569
2R	22226572
2R	22226576
2R	22226577
2R	22226609
2R	22226610
2R	22295486
2R	22331212
2R	22331238
2R	22331246
2R	22331248
2R	22331252
2R	22377606
2R	22377608
2R	22392244
2R	22392249
2R	22392252
2R	22392253
2R	22483476
2R	22483485
2R	22488873
2R	22535821
2R	22535822
2R	22594915
2R	22602263
2R	22602275
2R	22602281
2R	22647000
2R	22647006
2R	22647007
2R	22647016
2R	22707287
2R	22815650
2R	22815655
2R	22820332
2R	22820352
2R	22854420
2R	22854424
2R	22854429
2R	22854464
2R	22854471
2R	22854473
2R	22856332
2R	22856333
2R	22856345
2R	22856347
2R	22856349
2R	22856350
2R	22856536
2R	22856538
2R	22856542
2R	22890397
2R	23139792
2R	23139793
2R	23139794
2R	23139795
2R	23139797
2R	23140374
2R	23272008
2R	23325246
2R	23526055
2R	23526067
2R	23529554
2R	23529558
2R	23529571
2R	23600268
2R	23600275
2R	23600279
2R	23600295
2R	23600304
2R	23600308
2R	23601503
2R	23601505
2R	23601519
2R	23601526
2R	23602328
2R	23638857
2R	23638859
2R	23638861
2R	23811910
2R	23859656
2R	23859667
2R	23922339
2R	23922377
2R	23922583
2R	23922599
2R	23922620
2R	23922638
2R	23924808
2R	23924809
2R	23929446
2R	23929466
2R	23929483
2R	23932332
2R	23932334
2R	23932339
2R	23932349
2R	23945867
2R	23967620
2R	23968125
2R	23968126
2R	23968145
2R	23987451
2R	23988983
2R	23988984
2R	23995864
2R	24054359
2R	24054362
2R	24083638
2R	24087723
2R	24087771
2R	24090092
2R	24090094
2R	24090098
2R	24090101
2R	24092546
2R	24092561
2R	24092566
2R	24109870
2R	24175437
2R	24325264
2R	24325265
2R	24383417
2R	24383425
2R	24401806
2R	24401818
2R	24492744
2R	24492782
2R	24602934
2R	24614787
2R	24661782
2R	24765727
2R	24898408
3L	22489
3L	22495
3L	24704
3L	24708
3L	24712
3L	24740
3L	24742
3L	25284
3L	25302
3L	25306
3L	25565
3L	25983
3L	147722
3L	600831
3L	655908
3L	709536
3L	709537
3L	843013
3L	896595
3L	896598
3L	896599
3L	896600
3L	1001139
3L	1001146
3L	1001147
3L	1001153
3L	1001160
3L	1001171
3L	1001177
3L	1230874
3L	1233236
3L	1233248
3L	1233255
3L	1233256
3L	1233258
3L	1487948
3L	1487951
3L	1488077
3L	1658489
3L	1658491
3L	1945064
3L	1972420
3L	1972465
3L	1972469
3L	1972473
3L	2042071
3L	2042074
3L	2077989
3L	2118751
3L	2160285
3L	2172144
3L	2172147
3L	2172172
3L	2767164
3L	2767200
3L	2962675
3L	3057805
3L	3112576
3L	3112577
3L	3119774
3L	3119775
3L	3119779
3L	3119783
3L	3119787
3L	3268551
3L	3310768
3L	3616449
3L	3616454
3L	3884701
3L	3884708
3L	3884710
3L	3884711
3L	3884713
3L	3884728
3L	3898982
3L	3899012
3L	3938908
3L	3962738
3L	4027223
3L	4034116
3L	4034120
3L	4057603
3L	4057619
3L	4057620
3L	4057633
3L	4057635
3L	4057643
3L	4057644
3L	4057649
3L	4150407
3L	4150408
3L	4150418
3L	4150430
3L	4150444
3L	4217214
3L	4217223
3L	4217233
3L	4240332
3L	4279143
3L	4279165
3L	4279166
3L	4279167
3L	4280783
3L	4280791
3L	4280792
3L	4280797
3L	4282573
3L	4282591
3L	4282593
3L	4282600
3L	4282601
3L	4282602
3L	4282604
3L	4291642
3L	4291643
3L	4292037
3L	4315452
3L	4327191
3L	4327216
3L	4327218
3L	4327225
3L	4327230
3L	4364756
3L	4364757
3L	4364766
3L	4364799
3L	4364802
3L	4381339
3L	4403922
3L	4429527
3L	4494585
3L	4554955
3L	4554957
3L	4554966
3L	4554967
3L	4627548
3L	4811493
3L	4811505
3L	4811509
3L	4811513
3L	4811515
3L	4811517
3L	4811528
3L	4811537
3L	4811540
3L	4833545
3L	4873013
3L	4873020
3L	4873026
3L	4873030
3L	4873038
3L	4874402
3L	4874412
3L	4874414
3L	4874436
3L	4874443
3L	4918532
3L	4918543
3L	4918546
3L	4918565
3L	5051089
3L	5051102
3L	5143538
3L	5143540
3L	5151352
3L	5151353
3L	5151354
3L	5151366
3L	5152080
3L	5152088
3L	5152115
3L	5152119
3L	5152126
3L	5152127
3L	5152128
3L	5152141
3L	5439489
3L	5439505
3L	5560688
3L	5560714
3L	5560725
3L	5668894
3L	5668899
3L	5668903
3L	5668904
3L	5668926
3L	5668929
3L	5668933
3L	5668937
3L	5668944
3L	5668955
3L	5903371
3L	5909600
3L	5909601
3L	5909611
3L	5909651
3L	6052673
3L	6055671
3L	6055674
3L	6075757
3L	6087369
3L	6087378
3L	6087380
3L	6087385
3L	6087402
3L	6087406
3L	6087414
3L	6096183
3L	6096191
3L	6124744
3L	6133383
3L	6133393
3L	6158377
3L	6158384
3L	6158386
3L	6220696
3L	6220728
3L	6257783
3L	6257786
3L	6257795
3L	6328005
3L	6495062
3L	6664938
3L	6664944
3L	6666439
3L	6666788
3L	6707642
3L	6707646
3L	6753313
3L	6865982
3L	6865990
3L	6967331
3L	6967336
3L	6967338
3L	6967340
3L	6967342
3L	6973782
3L	6973783
3L	6973784
3L	6973804
3L	6973966
3L	6973973
3L	6973982
3L	6973990
3L	6984314
3L	7026486
3L	7069002
3L	7069006
3L	7069008
3L	7069010
3L	7069024
3L	7086512
3L	7086546
3L	7086547
3L	7269245
3L	7269247
3L	7269255
3L	7269256
3L	7269272
3L	7269279
3L	7269299
3L	7269305
3L	7366114
3L	7366124
3L	7368004
3L	7438578
3L	7438584
3L	7438586
3L	7438603
3L	7584486
3L	7584489
3L	7584492
3L	7584501
3L	7636479
3L	7636483
3L	7636486
3L	7636487
3L	7636488
3L	7640012
3L	7700379
3L	7733638
3L	7733640
3L	7733643
3L	7733828
3L	7733830
3L	7733831
3L	7733835
3L	7816420
3L	7816426
3L	7816450
3L	7816452
3L	7816453
3L	7893629
3L	7897259
3L	7902125
3L	7936626
3L	7936678
3L	8072350
3L	8072354
3L	8072364
3L	8161374
3L	8279843
3L	8412232
3L	8412234
3L	8415487
3L	8510208
3L	8510255
3L	8573500
3L	8573501
3L	8573503
3L	8599808
3L	8599812
3L	8599813
3L	8632333
3L	8632335
3L	8632337
3L	8632339
3L	8632341
3L	8632344
3L	8809907
3L	8910498
3L	8911420
3L	8911422
3L	8911424
3L	8911427
3L	8993088
3L	9038463
3L	9351873
3L	9351878
3L	9351880
3L	9351882
3L	9351892
3L	9351905
3L	9429763
3L	9488252
3L	9488255
3L	9488260
3L	9497051
3L	9630326
3L	9663115
3L	9823683
3L	9838451
3L	9888509
3L	9895927
3L	10221607
3L	10243384
3L	10243386
3L	10243387
3L	10243390
3L	10243394
3L	10604188
3L	10604197
3L	10626873
3L	10628299
3L	10628309
3L	10628321
3L	10628322
3L	10628324
3L	10628334
3L	10631468
3L	10631469
3L	10631471
3L	10631477
3L	10631490
3L	10631494
3L	10631495
3L	10773298
3L	11057721
3L	11171306
3L	11199238
3L	11200213
3L	11200333
3L	11200334
3L	11200336
3L	11200386
3L	11200388
3L	11201654
3L	11312481
3L	11520485
3L	11563890
3L	11563892
3L	11563893
3L	11624824
3L	11624825
3L	12007187
3L	12007189
3L	12007202
3L	12007213
3L	12068672
3L	12068675
3L	12068676
3L	12141195
3L	12141197
3L	12141203
3L	12141737
3L	12141744
3L	12141759
3L	12141768
3L	12141771
3L	12141778
3L	12152323
3L	12152325
3L	12152349
3L	12152350
3L	12311600
3L	12336761
3L	12398739
3L	12398740
3L	12492425
3L	12537069
3L	12537073
3L	12537079
3L	12650750
3L	12743633
3L	12743832
3L	12743866
3L	12743876
3L	12743877
3L	12743883
3L	12744750
3L	12744755
3L	12744756
3L	12744759
3L	12744796
3L	12744798
3L	12745964
3L	12745969
3L	12745973
3L	12746837
3L	12964450
3L	12964459
3L	12964463
3L	13063720
3L	13063722
3L	13214165
3L	13214173
3L	13214174
3L	13299973
3L	13299974
3L	13299975
3L	13299976
3L	13438039
3L	13841370
3L	13841374
3L	13846967
3L	13846991
3L	13847006
3L	13847839
3L	13848571
3L	13848774
3L	13848779
3L	13848807
3L	13848808
3L	13848813
3L	13848814
3L	13848815
3L	14049451
3L	14049454
3L	14049461
3L	14049488
3L	14049489
3L	14187039
3L	14187248
3L	14233521
3L	14235556
3L	14628421
3L	14746206
3L	14803186
3L	14885914
3L	15004945
3L	15051287
3L	15082525
3L	15082527
3L	15082531
3L	15095190
3L	15095203
3L	15095229
3L	15116965
3L	15497294
3L	15499157
3L	15600622
3L	15600625
3L	15600672
3L	15652960
3L	15652961
3L	15652963
3L	15661313
3L	15661317
3L	15717037
3L	15717040
3L	15717543
3L	15717545
3L	16005343
3L	16005346
3L	16017918
3L	16033040
3L	16105922
3L	16197899
3L	16201373
3L	16201378
3L	16201869
3L	16229661
3L	16333356
3L	16333368
3L	16354134
3L	16386594
3L	16422489
3L	16422500
3L	16422509
3L	16594034
3L	16600983
3L	16601701
3L	16601727
3L	16673431
3L	16673469
3L	16673474
3L	16730688
3L	16935349
3L	16944648
3L	17482127
3L	18040697
3L	18201579
3L	18440974
3L	18617123
3L	18623109
3L	18667598
3L	18683816
3L	18697523
3L	18697528
3L	18697531
3L	18697537
3L	18697543
3L	18697544
3L	18697545
3L	18697547
3L	18746009
3L	18754539
3L	18803054
3L	18803060
3L	18831454
3L	18890344
3L	18901850
3L	18904708
3L	18904744
3L	18904749
3L	18904758
3L	18954919
3L	18954920
3L	19097238
3L	19100337
3L	19264633
3L	19264638
3L	19487140
3L	19487151
3L	19487152
3L	19487153
3L	19487157
3L	19982069
3L	20001357
3L	20016867
3L	20262634
3L	20321579
3L	20322844
3L	20323066
3L	20323108
3L	20346878
3L	20346888
3L	20346893
3L	20346904
3L	20346907
3L	20346920
3L	20346924
3L	20346927
3L	20346929
3L	20347324
3L	20475555
3L	20523342
3L	21196141
3L	21612795
3L	21619206
3L	21619207
3L	22687871
3L	22865831
3L	23748722
3R	4308841
3R	4308845
3R	4426691
3R	4923700
3R	4957494
3R	5045852
3R	5375230
3R	5479066
3R	5601678
3R	5666193
3R	5736962
3R	5892781
3R	5892782
3R	5892807
3R	6340609
3R	6340612
3R	6377930
3R	7094218
3R	7094444
3R	7191540
3R	8001273
3R	8003167
3R	8003168
3R	8003173
3R	8083162
3R	8126206
3R	8563346
3R	8563365
3R	8564321
3R	8564322
3R	8642373
3R	8642384
3R	8642385
3R	8642388
3R	8642737
3R	8773624
3R	8773625
3R	8944926
3R	9404191
3R	9506215
3R	10061992
3R	10062002
3R	10062003
3R	10172728
3R	10172780
3R	10401998
3R	10408889
3R	10489659
3R	10676593
3R	10757885
3R	10757894
3R	11232311
3R	11232319
3R	11408052
3R	11622863
3R	11882356
3R	11898164
3R	12128001
3R	12257406
3R	12257407
3R	12257420
3R	12262016
3R	12262054
3R	12262059
3R	12269140
3R	12269144
3R	12397270
3R	12434190
3R	12434199
3R	12637475
3R	12843396
3R	12894409
3R	12969394
3R	12969398
3R	13037821
3R	13037842
3R	13037847
3R	13037848
3R	13374052
3R	13374058
3R	13374067
3R	13374069
3R	13402774
3R	13403947
3R	13422562
3R	13458330
3R	13460264
3R	13460277
3R	13461188
3R	13461191
3R	13632146
3R	13632147
3R	13633741
3R	13633762
3R	13633763
3R	13633769
3R	13633770
3R	13633772
3R	13633775
3R	13633776
3R	13694164
3R	13694169
3R	13710671
3R	13710681
3R	13710682
3R	13710683
3R	13710706
3R	13713269
3R	13713284
3R	13765923
3R	13774401
3R	13774414
3R	13774746
3R	13774749
3R	13774765
3R	13774776
3R	13775479
3R	13775480
3R	13775491
3R	13775503
3R	13964956
3R	13969340
3R	13969352
3R	14312435
3R	14312742
3R	14326132
3R	14513434
3R	14521281
3R	14808304
3R	14808306
3R	14825179
3R	14825181
3R	14903943
3R	15186859
3R	15186863
3R	15188189
3R	15188193
3R	15188200
3R	15188206
3R	15188212
3R	15277944
3R	15277945
3R	15483996
3R	15547940
3R	15547945
3R	15716050
3R	15716051
3R	15802775
3R	15963906
3R	15963907
3R	15964105
3R	15964145
3R	15964150
3R	16186679
3R	16186698
3R	16186700
3R	16208777
3R	16433205
3R	17006732
3R	17012305
3R	17032330
3R	17032332
3R	17094603
3R	17108694
3R	17108695
3R	17239637
3R	17239672
3R	17239674
3R	17376784
3R	17391763
3R	17403478
3R	17403480
3R	17403483
3R	17403484
3R	17413480
3R	17608123
3R	17612911
3R	17618714
3R	17660681
3R	17660691
3R	17669037
3R	17669045
3R	17799292
3R	17799293
3R	17799294
3R	17799295
3R	18007041
3R	18007053
3R	18189287
3R	18241928
3R	18241929
3R	18241940
3R	18248164
3R	18248172
3R	18248174
3R	18272175
3R	18272178
3R	18272179
3R	18272181
3R	18272183
3R	18274276
3R	18274279
3R	18274793
3R	18274800
3R	18393243
3R	18560390
3R	18593810
3R	18593822
3R	18594088
3R	18629907
3R	18629969
3R	18629971
3R	18663334
3R	18663367
3R	18663382
3R	18679371
3R	18693620
3R	18755523
3R	18902793
3R	18928349
3R	18980785
3R	18980790
3R	18980794
3R	18981916
3R	19032031
3R	19032037
3R	19032071
3R	19032075
3R	19032081
3R	19032085
3R	19384243
3R	19384250
3R	19384254
3R	19384257
3R	19384262
3R	19480919
3R	19488211
3R	19488236
3R	19488244
3R	19590931
3R	19636231
3R	19636232
3R	19636238
3R	19636242
3R	19636248
3R	19636251
3R	19636252
3R	19636257
3R	19636258
3R	19636259
3R	19636263
3R	19636266
3R	19636270
3R	19636789
3R	19636792
3R	19697450
3R	19697474
3R	19744171
3R	19744174
3R	19744211
3R	19744234
3R	19850182
3R	20057406
3R	20107784
3R	20107794
3R	20342415
3R	20501866
3R	20501873
3R	20535065
3R	20612692
3R	20612735
3R	20612736
3R	20646861
3R	20650248
3R	20650258
3R	20650413
3R	20731736
3R	20734801
3R	20734809
3R	20734810
3R	20734811
3R	20734819
3R	20745206
3R	20797477
3R	20797732
3R	20797739
3R	20814183
3R	20814187
3R	20814188
3R	20814393
3R	20814449
3R	20823742
3R	20838284
3R	20838316
3R	20838321
3R	20838453
3R	20838457
3R	20838470
3R	20838477
3R	20838478
3R	20838479
3R	20838500
3R	20838501
3R	20853549
3R	20859388
3R	20926133
3R	20973755
3R	21040369
3R	21040377
3R	21040382
3R	21040384
3R	21040387
3R	21063882
3R	21064410
3R	21132978
3R	21132979
3R	21132980
3R	21132982
3R	21132986
3R	21166056
3R	21167980
3R	21244460
3R	21269908
3R	21405523
3R	21670267
3R	21736136
3R	21736166
3R	21787926
3R	21787927
3R	21787929
3R	21787930
3R	21787950
3R	21787962
3R	21787967
3R	21878438
3R	21878461
3R	21878464
3R	21878465
3R	21878471
3R	21878472
3R	21878473
3R	21878482
3R	21886238
3R	22015312
3R	22036024
3R	22130454
3R	22130455
3R	22130461
3R	22130462
3R	22130463
3R	22130470
3R	22130471
3R	22130472
3R	22301411
3R	22301692
3R	22359833
3R	22379371
3R	22379383
3R	22379654
3R	22380238
3R	22382322
3R	22407106
3R	22407108
3R	22407955
3R	22408238
3R	22462814
3R	22462816
3R	22529158
3R	22529170
3R	22612249
3R	22613314
3R	22613316
3R	22613331
3R	22613907
3R	22613908
3R	22613915
3R	22613942
3R	22697585
3R	22699121
3R	22732593
3R	22986506
3R	22986537
3R	22986549
3R	22986551
3R	23053941
3R	23053952
3R	23098885
3R	23098889
3R	23098892
3R	23098894
3R	23098915
3R	23114737
3R	23114738
3R	23114764
3R	23121951
3R	23121956
3R	23121968
3R	23121978
3R	23121984
3R	23121989
3R	23249692
3R	23250233
3R	23291457
3R	23291459
3R	23291477
3R	23291478
3R	23291483
3R	23291489
3R	23291664
3R	23291670
3R	23348271
3R	23514353
3R	23514354
3R	23601384
3R	23602964
3R	23602967
3R	23691099
3R	23696092
3R	23696880
3R	23696887
3R	23696889
3R	23761567
3R	23792231
3R	23792234
3R	23792241
3R	23792245
3R	23792247
3R	23792265
3R	23792268
3R	23792273
3R	23938600
3R	23938601
3R	23938607
3R	23938618
3R	23956782
3R	23986333
3R	23986359
3R	23986361
3R	23997263
3R	24061646
3R	24061648
3R	24061650
3R	24186568
3R	24186569
3R	24186595
3R	24186596
3R	24189199
3R	24189206
3R	24189213
3R	24189217
3R	24230994
3R	24286763
3R	24286768
3R	24286769
3R	24286772
3R	24286774
3R	24286776
3R	24286783
3R	24286784
3R	24377538
3R	24514293
3R	24552441
3R	24552477
3R	24634969
3R	24639636
3R	24639650
3R	24814534
3R	24895186
3R	24895237
3R	24896700
3R	24896701
3R	24918766
3R	24918773
3R	24918789
3R	24918799
3R	24918808
3R	24918813
3R	25040193
3R	25065441
3R	25067344
3R	25071468
3R	25129634
3R	25129635
3R	25129669
3R	25134883
3R	25135113
3R	25135117
3R	25170141
3R	25170143
3R	25170144
3R	25193180
3R	25193185
3R	25193217
3R	25242472
3R	25258140
3R	25268257
3R	25268263
3R	25291034
3R	25296550
3R	25591793
3R	25591806
3R	25686883
3R	25686887
3R	25686903
3R	25742342
3R	25776057
3R	25825081
3R	25916420
3R	25931600
3R	25988325
3R	25991728
3R	26052133
3R	26059788
3R	26059789
3R	26416008
3R	26468842
3R	26477354
3R	26477361
3R	26477372
3R	26477374
3R	26477631
3R	26477632
3R	26477633
3R	26477638
3R	26477646
3R	26623431
3R	26623466
3R	26623473
3R	26623478
3R	26965417
3R	26987199
3R	26987201
3R	26987202
3R	26987203
3R	26987205
3R	26987206
3R	27109065
3R	27124033
3R	27124040
3R	27163685
3R	27166776
3R	27166814
3R	27176330
3R	27501770
3R	27543566
3R	27543747
3R	27552721
3R	27552724
3R	27552748
3R	28264398
3R	28498048
3R	28498062
3R	28506893
3R	28506895
3R	28506910
3R	28506918
3R	28866546
3R	29055425
3R	29055426
3R	29055431
3R	29120750
3R	29202378
3R	29319558
3R	29597353
3R	29600812
3R	29666373
3R	29673943
3R	29673962
3R	29715215
3R	29723381
3R	29798867
3R	29874150
3R	29874350
3R	30007880
3R	30166914
3R	30166966
3R	30166972
3R	30211053
3R	30211054
3R	30211055
3R	30211061
3R	30211066
3R	30211068
3R	30211069
3R	30211073
3R	30211076
3R	30213001
3R	30242463
3R	30242464
3R	30242498
3R	30253604
3R	30253615
3R	30253648
3R	30253652
3R	30386842
3R	30491594
3R	30491602
3R	30491612
3R	30491614
3R	30491616
3R	30503835
3R	30503836
3R	30505444
3R	30505457
3R	30506404
3R	30506579
3R	30506585
3R	30506590
3R	30516763
3R	30593692
3R	30604787
3R	30604812
3R	30604813
3R	30604817
3R	30608013
3R	30694359
3R	30694363
3R	30694364
3R	30694374
3R	30694382
3R	30694383
3R	30694394
3R	30897805
3R	30897857
3R	31100312
3R	31100313
3R	31100335
3R	31181761
3R	31260816
3R	31260820
3R	31739720
X	2610201
X	2670143
X	3172991
X	3172997
X	3173024
X	3173028
X	3256282
X	3466257
X	3969335
X	4113513
X	4219949
X	4220454
X	4245708
X	4360392
X	4450843
X	4543139
X	5308813
X	5322609
X	6198518
X	6198526
X	6280458
X	6585796
X	6585830
X	6585836
X	6585837
X	6585843
X	6648159
X	6661334
X	6661337
X	6683880
X	6683881
X	6782944
X	6782945
X	6806855
X	6806872
X	6806874
X	7011022
X	7011023
X	7450955
X	7450956
X	7450965
X	7687780
X	8175983
X	8439808
X	8691572
X	8874159
X	9073169
X	9073170
X	9073173
X	9073179
X	9573146
X	9888563
X	10054141
X	10407317
X	10407354
X	10709051
X	10900128
X	11363483
X	11585296
X	11585304
X	11585331
X	11791026
X	11791033
X	11887475
X	11926995
X	12011992
X	12086778
X	12655341
X	13068297
X	13068648
X	13068655
X	13082549
X	13082604
X	13259486
X	13259500
X	13412969
X	13529014
X	13719386
X	14172492
X	14266059
X	14315434
X	14315444
X	14315445
X	15325763
X	15510020
X	15510023
X	15828513
X	15828516
X	15836224
X	16000857
X	16267911
X	16288967
X	16288969
X	16288974
X	16301550
X	16301560
X	16498391
X	16498394
X	16498424
X	16498429
X	16593096
X	16640295
X	16884833
X	16884834
X	16954533
X	17079030
X	17079031
X	17159155
X	17572681
X	17605218
X	17646599
X	17646602
X	17646612
X	17646613
X	17646616
X	17646641
X	18586838
X	18786572
X	18786575
X	18790636
X	19277804
X	20383719
X	22467012
X	22482474
X	22482475
X	22482500
X	22482509
X	22482513
